Date,1 Mo,2 Mo,3 Mo,6 Mo,1 Yr,2 Yr,3 Yr,5 Yr,7 Yr,10 Yr,20 Yr,30 Yr
1/2/2019,2.4,2.4,2.42,2.51,2.6,2.5,2.47,2.49,2.56,2.66,2.83,2.97
1/3/2019,2.42,2.42,2.41,2.47,2.5,2.39,2.35,2.37,2.44,2.56,2.75,2.92
1/4/2019,2.4,2.42,2.42,2.51,2.57,2.5,2.47,2.49,2.56,2.67,2.83,2.98
1/7/2019,2.42,2.42,2.45,2.54,2.58,2.53,2.51,2.53,2.6,2.7,2.86,2.99
1/8/2019,2.4,2.42,2.46,2.54,2.6,2.58,2.57,2.58,2.63,2.73,2.88,3
1/9/2019,2.4,2.42,2.45,2.52,2.59,2.56,2.54,2.57,2.64,2.74,2.9,3.03
1/10/2019,2.42,2.42,2.43,2.51,2.59,2.56,2.54,2.56,2.63,2.74,2.92,3.06
1/11/2019,2.41,2.43,2.43,2.5,2.58,2.55,2.51,2.52,2.6,2.71,2.9,3.04
1/14/2019,2.42,2.43,2.45,2.52,2.57,2.53,2.51,2.53,2.6,2.71,2.91,3.06
1/15/2019,2.41,2.43,2.45,2.52,2.57,2.53,2.51,2.53,2.61,2.72,2.92,3.08
1/16/2019,2.41,2.4,2.43,2.49,2.57,2.55,2.53,2.54,2.62,2.73,2.92,3.07
1/17/2019,2.41,2.41,2.42,2.5,2.57,2.56,2.55,2.58,2.66,2.75,2.93,3.07
1/18/2019,2.4,2.4,2.41,2.5,2.6,2.62,2.6,2.62,2.7,2.79,2.95,3.09
1/22/2019,2.38,2.4,2.43,2.51,2.59,2.58,2.55,2.57,2.65,2.74,2.91,3.06
1/23/2019,2.37,2.38,2.41,2.51,2.59,2.58,2.57,2.59,2.66,2.76,2.93,3.07
1/24/2019,2.38,2.41,2.37,2.5,2.58,2.56,2.54,2.55,2.62,2.72,2.89,3.04
1/25/2019,2.36,2.41,2.39,2.51,2.6,2.6,2.58,2.59,2.66,2.76,2.92,3.06
1/28/2019,2.39,2.41,2.42,2.51,2.6,2.6,2.58,2.58,2.65,2.75,2.92,3.06
1/29/2019,2.39,2.41,2.42,2.51,2.6,2.56,2.54,2.55,2.61,2.72,2.9,3.04
1/30/2019,2.4,2.39,2.42,2.5,2.57,2.52,2.49,2.49,2.58,2.7,2.9,3.06
1/31/2019,2.42,2.43,2.41,2.46,2.55,2.45,2.43,2.43,2.51,2.63,2.83,2.99
2/1/2019,2.41,2.42,2.4,2.46,2.56,2.52,2.5,2.51,2.59,2.7,2.88,3.03
2/4/2019,2.41,2.41,2.42,2.49,2.57,2.53,2.52,2.53,2.62,2.73,2.92,3.06
2/5/2019,2.39,2.4,2.42,2.5,2.56,2.53,2.5,2.51,2.6,2.71,2.89,3.03
2/6/2019,2.4,2.41,2.42,2.5,2.56,2.52,2.5,2.5,2.59,2.7,2.88,3.03
2/7/2019,2.43,2.43,2.42,2.49,2.55,2.48,2.46,2.46,2.54,2.65,2.85,3
2/8/2019,2.43,2.43,2.43,2.49,2.54,2.45,2.43,2.44,2.53,2.63,2.82,2.97
2/11/2019,2.44,2.44,2.45,2.51,2.55,2.48,2.47,2.47,2.56,2.65,2.85,3
2/12/2019,2.42,2.43,2.43,2.5,2.55,2.5,2.48,2.49,2.58,2.68,2.87,3.02
2/13/2019,2.42,2.42,2.44,2.51,2.55,2.53,2.52,2.53,2.61,2.71,2.89,3.04
2/14/2019,2.45,2.43,2.43,2.51,2.53,2.5,2.48,2.48,2.56,2.66,2.85,3.01
2/15/2019,2.43,2.43,2.43,2.5,2.55,2.52,2.5,2.49,2.57,2.66,2.84,3
2/19/2019,2.44,2.42,2.45,2.52,2.54,2.5,2.47,2.47,2.55,2.65,2.84,2.99
2/20/2019,2.41,2.42,2.45,2.51,2.54,2.5,2.47,2.47,2.55,2.65,2.84,3
2/21/2019,2.43,2.44,2.45,2.51,2.55,2.53,2.49,2.51,2.59,2.69,2.89,3.05
2/22/2019,2.43,2.45,2.46,2.51,2.55,2.48,2.46,2.47,2.55,2.65,2.86,3.02
2/25/2019,2.44,2.46,2.47,2.51,2.56,2.51,2.48,2.48,2.57,2.67,2.87,3.03
2/26/2019,2.43,2.44,2.45,2.51,2.55,2.48,2.44,2.45,2.54,2.64,2.84,3.01
2/27/2019,2.43,2.44,2.45,2.52,2.54,2.5,2.48,2.49,2.59,2.69,2.91,3.07
2/28/2019,2.44,2.47,2.45,2.5,2.54,2.52,2.5,2.52,2.63,2.73,2.94,3.09
3/1/2019,2.44,2.46,2.44,2.52,2.55,2.55,2.54,2.56,2.67,2.76,2.97,3.13
3/4/2019,2.45,2.46,2.46,2.54,2.54,2.55,2.52,2.53,2.63,2.72,2.93,3.09
3/5/2019,2.44,2.45,2.46,2.53,2.54,2.55,2.52,2.53,2.63,2.72,2.93,3.08
3/6/2019,2.43,2.44,2.47,2.53,2.54,2.52,2.49,2.49,2.59,2.69,2.9,3.06
3/7/2019,2.45,2.46,2.45,2.52,2.52,2.47,2.44,2.44,2.54,2.64,2.86,3.03
3/8/2019,2.45,2.46,2.46,2.52,2.53,2.45,2.43,2.42,2.51,2.62,2.83,3
3/11/2019,2.44,2.45,2.46,2.54,2.53,2.47,2.45,2.44,2.53,2.64,2.86,3.03
3/12/2019,2.44,2.46,2.46,2.53,2.52,2.45,2.41,2.41,2.5,2.61,2.82,3
3/13/2019,2.43,2.44,2.45,2.53,2.53,2.45,2.41,2.42,2.51,2.61,2.82,3.02
3/14/2019,2.48,2.46,2.45,2.52,2.52,2.46,2.42,2.43,2.53,2.63,2.86,3.04
3/15/2019,2.46,2.46,2.45,2.52,2.52,2.43,2.39,2.4,2.49,2.59,2.83,3.02
3/18/2019,2.47,2.46,2.44,2.51,2.52,2.45,2.41,2.42,2.51,2.6,2.83,3.01
3/19/2019,2.46,2.47,2.46,2.52,2.5,2.46,2.42,2.42,2.51,2.61,2.84,3.02
3/20/2019,2.45,2.45,2.48,2.49,2.47,2.4,2.34,2.34,2.44,2.54,2.79,2.98
3/21/2019,2.51,2.47,2.49,2.5,2.48,2.41,2.34,2.34,2.44,2.54,2.78,2.96
3/22/2019,2.49,2.48,2.46,2.48,2.45,2.31,2.24,2.24,2.34,2.44,2.69,2.88
3/25/2019,2.47,2.47,2.46,2.49,2.41,2.26,2.19,2.21,2.32,2.43,2.68,2.87
3/26/2019,2.46,2.44,2.46,2.49,2.44,2.24,2.18,2.18,2.29,2.41,2.67,2.86
3/27/2019,2.45,2.43,2.44,2.46,2.4,2.22,2.16,2.18,2.28,2.39,2.63,2.83
3/28/2019,2.44,2.45,2.43,2.44,2.4,2.23,2.18,2.2,2.29,2.39,2.62,2.81
3/29/2019,2.43,2.44,2.4,2.44,2.4,2.27,2.21,2.23,2.31,2.41,2.63,2.81
4/1/2019,2.42,2.43,2.43,2.46,2.41,2.33,2.29,2.31,2.4,2.49,2.71,2.89
4/2/2019,2.43,2.42,2.42,2.45,2.41,2.3,2.26,2.28,2.38,2.48,2.7,2.88
4/3/2019,2.42,2.43,2.44,2.45,2.41,2.33,2.29,2.32,2.42,2.52,2.75,2.93
4/4/2019,2.43,2.43,2.44,2.46,2.41,2.33,2.29,2.32,2.41,2.51,2.74,2.92
4/5/2019,2.42,2.43,2.44,2.46,2.43,2.35,2.3,2.31,2.4,2.5,2.72,2.91
4/8/2019,2.43,2.44,2.43,2.48,2.43,2.36,2.31,2.33,2.42,2.52,2.74,2.93
4/9/2019,2.42,2.43,2.42,2.46,2.42,2.35,2.31,2.31,2.4,2.51,2.73,2.92
4/10/2019,2.4,2.41,2.43,2.46,2.41,2.31,2.27,2.28,2.37,2.48,2.71,2.9
4/11/2019,2.42,2.43,2.43,2.46,2.44,2.35,2.3,2.31,2.4,2.51,2.74,2.94
4/12/2019,2.41,2.43,2.44,2.47,2.44,2.4,2.36,2.38,2.47,2.56,2.78,2.97
4/15/2019,2.42,2.43,2.43,2.46,2.43,2.4,2.36,2.37,2.46,2.55,2.77,2.96
4/16/2019,2.43,2.44,2.43,2.47,2.45,2.41,2.38,2.41,2.5,2.6,2.81,2.99
4/17/2019,2.43,2.44,2.44,2.47,2.44,2.4,2.37,2.4,2.49,2.59,2.81,2.99
4/18/2019,2.44,2.44,2.42,2.47,2.44,2.38,2.36,2.38,2.46,2.57,2.78,2.96
4/22/2019,2.44,2.44,2.44,2.47,2.46,2.38,2.36,2.39,2.49,2.59,2.82,2.99
4/23/2019,2.43,2.44,2.45,2.46,2.43,2.36,2.34,2.36,2.46,2.57,2.81,2.98
4/24/2019,2.42,2.43,2.44,2.46,2.42,2.32,2.28,2.32,2.41,2.53,2.76,2.94
4/25/2019,2.43,2.44,2.43,2.46,2.42,2.33,2.29,2.33,2.42,2.54,2.76,2.94
4/26/2019,2.42,2.43,2.42,2.46,2.41,2.28,2.25,2.29,2.39,2.51,2.74,2.92
4/29/2019,2.45,2.45,2.44,2.47,2.42,2.3,2.27,2.32,2.42,2.54,2.78,2.96
4/30/2019,2.43,2.44,2.43,2.46,2.39,2.27,2.24,2.28,2.39,2.51,2.75,2.93
5/1/2019,2.42,2.41,2.43,2.44,2.39,2.31,2.28,2.31,2.41,2.52,2.74,2.92
5/2/2019,2.44,2.46,2.47,2.46,2.41,2.35,2.32,2.34,2.44,2.55,2.77,2.94
5/3/2019,2.42,2.44,2.43,2.46,2.41,2.33,2.3,2.33,2.43,2.54,2.75,2.93
5/6/2019,2.43,2.44,2.44,2.46,2.39,2.31,2.27,2.3,2.4,2.51,2.73,2.91
5/7/2019,2.44,2.44,2.43,2.46,2.37,2.28,2.24,2.25,2.35,2.45,2.68,2.86
5/8/2019,2.42,2.43,2.43,2.45,2.37,2.3,2.26,2.28,2.38,2.49,2.71,2.89
5/9/2019,2.43,2.43,2.43,2.46,2.36,2.26,2.22,2.25,2.34,2.45,2.69,2.87
5/10/2019,2.42,2.43,2.43,2.45,2.36,2.26,2.23,2.26,2.37,2.47,2.7,2.89
5/13/2019,2.41,2.42,2.41,2.42,2.32,2.18,2.15,2.18,2.28,2.4,2.65,2.83
5/14/2019,2.41,2.42,2.41,2.43,2.32,2.2,2.17,2.2,2.3,2.42,2.67,2.86
5/15/2019,2.4,2.41,2.42,2.43,2.3,2.16,2.12,2.15,2.25,2.37,2.63,2.82
5/16/2019,2.4,2.41,2.4,2.43,2.33,2.2,2.15,2.18,2.28,2.4,2.65,2.84
5/17/2019,2.39,2.4,2.39,2.42,2.33,2.2,2.15,2.17,2.27,2.39,2.63,2.82
5/20/2019,2.39,2.39,2.39,2.42,2.34,2.21,2.17,2.21,2.3,2.41,2.65,2.83
5/21/2019,2.37,2.38,2.39,2.42,2.36,2.26,2.2,2.23,2.33,2.43,2.67,2.84
5/22/2019,2.36,2.37,2.38,2.41,2.37,2.23,2.17,2.19,2.28,2.39,2.64,2.82
5/23/2019,2.38,2.38,2.37,2.4,2.32,2.12,2.08,2.11,2.2,2.31,2.56,2.75
5/24/2019,2.37,2.38,2.35,2.39,2.33,2.16,2.1,2.12,2.22,2.32,2.57,2.75
5/28/2019,2.35,2.36,2.37,2.38,2.31,2.12,2.06,2.06,2.16,2.26,2.52,2.7
5/29/2019,2.35,2.36,2.37,2.38,2.3,2.09,2.04,2.05,2.16,2.25,2.5,2.69
5/30/2019,2.37,2.38,2.38,2.4,2.29,2.06,2,2.03,2.12,2.22,2.46,2.65
5/31/2019,2.35,2.38,2.35,2.35,2.21,1.95,1.9,1.93,2.03,2.14,2.39,2.58
6/3/2019,2.36,2.36,2.35,2.31,2.11,1.82,1.79,1.83,1.95,2.07,2.34,2.53
6/4/2019,2.34,2.36,2.35,2.29,2.11,1.88,1.84,1.89,2.01,2.12,2.41,2.6
6/5/2019,2.31,2.35,2.35,2.25,2.04,1.83,1.81,1.86,2,2.12,2.42,2.63
6/6/2019,2.32,2.35,2.33,2.22,2.02,1.88,1.85,1.88,2.01,2.12,2.42,2.62
6/7/2019,2.3,2.32,2.28,2.15,1.97,1.85,1.82,1.85,1.97,2.09,2.36,2.57
6/10/2019,2.3,2.31,2.29,2.21,2.03,1.9,1.87,1.91,2.03,2.15,2.42,2.62
6/11/2019,2.27,2.26,2.27,2.21,2.05,1.93,1.87,1.92,2.03,2.15,2.42,2.62
6/12/2019,2.19,2.22,2.24,2.2,2.02,1.88,1.83,1.88,2,2.13,2.41,2.62
6/13/2019,2.24,2.23,2.19,2.18,2,1.83,1.78,1.84,1.96,2.1,2.39,2.61
6/14/2019,2.23,2.21,2.2,2.18,2,1.84,1.79,1.85,1.96,2.09,2.38,2.59
6/17/2019,2.22,2.21,2.23,2.2,2.03,1.86,1.8,1.85,1.96,2.09,2.37,2.58
6/18/2019,2.18,2.2,2.22,2.2,2.04,1.86,1.8,1.83,1.93,2.06,2.34,2.55
6/19/2019,2.14,2.18,2.18,2.11,1.96,1.74,1.7,1.77,1.89,2.03,2.32,2.54
6/20/2019,2.17,2.15,2.14,2.04,1.91,1.72,1.69,1.74,1.87,2.01,2.31,2.53
6/21/2019,2.16,2.16,2.11,2.05,1.95,1.77,1.74,1.8,1.93,2.07,2.37,2.59
6/24/2019,2.12,2.13,2.13,2.1,1.92,1.72,1.69,1.75,1.88,2.02,2.33,2.55
6/25/2019,2.11,2.12,2.12,2.1,1.93,1.71,1.67,1.73,1.86,2,2.31,2.53
6/26/2019,2.11,2.12,2.15,2.12,1.96,1.77,1.74,1.8,1.92,2.05,2.35,2.57
6/27/2019,2.19,2.15,2.14,2.12,1.93,1.74,1.71,1.76,1.88,2.01,2.31,2.52
6/28/2019,2.18,2.15,2.12,2.09,1.92,1.75,1.71,1.76,1.87,2,2.31,2.52
7/1/2019,2.17,2.16,2.21,2.1,1.94,1.78,1.74,1.79,1.9,2.03,2.34,2.55
7/2/2019,2.21,2.17,2.2,2.09,1.91,1.77,1.71,1.75,1.85,1.98,2.29,2.51
7/3/2019,2.25,2.2,2.21,2.08,1.91,1.77,1.71,1.74,1.83,1.96,2.25,2.47
7/5/2019,2.26,2.22,2.23,2.14,1.98,1.87,1.82,1.84,1.93,2.04,2.34,2.54
7/8/2019,2.23,2.24,2.26,2.14,1.99,1.88,1.84,1.86,1.94,2.05,2.32,2.53
7/9/2019,2.22,2.24,2.26,2.15,2,1.92,1.88,1.88,1.96,2.07,2.34,2.54
7/10/2019,2.18,2.18,2.2,2.07,1.93,1.82,1.79,1.82,1.93,2.07,2.36,2.57
7/11/2019,2.17,2.17,2.17,2.08,1.97,1.85,1.84,1.88,1.99,2.13,2.42,2.65
7/12/2019,2.16,2.18,2.14,2.07,1.96,1.84,1.81,1.86,1.98,2.12,2.42,2.64
7/15/2019,2.17,2.19,2.16,2.06,1.95,1.83,1.8,1.84,1.96,2.09,2.39,2.61
7/16/2019,2.16,2.17,2.15,2.06,2,1.87,1.84,1.88,2,2.13,2.42,2.63
7/17/2019,2.13,2.14,2.14,2.04,1.95,1.83,1.8,1.83,1.94,2.06,2.35,2.57
7/18/2019,2.11,2.12,2.05,2.01,1.9,1.77,1.74,1.78,1.89,2.04,2.34,2.56
7/19/2019,2.11,2.16,2.06,2.03,1.94,1.8,1.77,1.8,1.91,2.05,2.35,2.57
7/22/2019,2.13,2.16,2.09,2.08,1.95,1.8,1.77,1.8,1.92,2.05,2.36,2.58
7/23/2019,2.12,2.15,2.06,2.09,1.97,1.83,1.79,1.83,1.94,2.08,2.38,2.61
7/24/2019,2.1,2.14,2.1,2.08,1.98,1.83,1.79,1.82,1.93,2.05,2.36,2.58
7/25/2019,2.16,2.17,2.1,2.08,1.99,1.86,1.83,1.85,1.95,2.08,2.38,2.6
7/26/2019,2.13,2.15,2.12,2.1,2,1.86,1.83,1.85,1.95,2.08,2.38,2.59
7/29/2019,2.12,2.16,2.12,2.1,1.98,1.85,1.81,1.84,1.93,2.06,2.37,2.59
7/30/2019,2.07,2.1,2.08,2.07,1.97,1.85,1.82,1.84,1.93,2.06,2.36,2.58
7/31/2019,2.01,2.07,2.08,2.1,2,1.89,1.84,1.84,1.92,2.02,2.31,2.53
8/1/2019,2.11,2.14,2.07,2.04,1.88,1.73,1.67,1.68,1.77,1.9,2.21,2.44
8/2/2019,2.11,2.12,2.06,2.02,1.85,1.72,1.67,1.66,1.75,1.86,2.16,2.39
8/5/2019,2.07,2.08,2.05,1.99,1.78,1.59,1.55,1.55,1.63,1.75,2.07,2.3
8/6/2019,2.05,2.08,2.05,2,1.8,1.6,1.54,1.53,1.62,1.73,2.03,2.25
8/7/2019,2.02,2.04,2.02,1.95,1.75,1.59,1.51,1.52,1.6,1.71,2.01,2.22
8/8/2019,2.09,2.07,2.02,1.96,1.79,1.62,1.54,1.54,1.62,1.72,2.02,2.25
8/9/2019,2.05,2.06,2,1.95,1.78,1.63,1.58,1.57,1.65,1.74,2.03,2.26
8/12/2019,2.09,2.06,2,1.94,1.75,1.58,1.51,1.49,1.56,1.65,1.92,2.14
8/13/2019,2.05,2.04,2,1.96,1.86,1.66,1.6,1.57,1.62,1.68,1.94,2.15
8/14/2019,1.98,1.98,1.96,1.92,1.79,1.58,1.53,1.51,1.55,1.59,1.84,2.03
8/15/2019,2.08,1.97,1.91,1.86,1.72,1.48,1.44,1.42,1.47,1.52,1.8,1.98
8/16/2019,2.05,1.95,1.87,1.85,1.71,1.48,1.44,1.42,1.49,1.55,1.82,2.01
8/19/2019,2.06,1.96,1.94,1.9,1.75,1.53,1.49,1.47,1.54,1.6,1.88,2.08
8/20/2019,2.05,1.96,1.94,1.89,1.72,1.5,1.44,1.42,1.49,1.55,1.84,2.04
8/21/2019,2.03,1.98,1.97,1.9,1.77,1.56,1.5,1.47,1.54,1.59,1.87,2.07
8/22/2019,2.1,2.02,2,1.91,1.79,1.61,1.53,1.5,1.56,1.62,1.9,2.11
8/23/2019,2.07,2.02,1.97,1.87,1.73,1.51,1.43,1.4,1.46,1.52,1.82,2.02
8/26/2019,2.09,2.03,2.01,1.9,1.75,1.54,1.47,1.43,1.49,1.54,1.84,2.04
8/27/2019,2.07,2.03,1.98,1.94,1.77,1.53,1.43,1.4,1.44,1.49,1.77,1.97
8/28/2019,2.07,2.04,1.99,1.89,1.74,1.5,1.42,1.37,1.42,1.47,1.76,1.94
8/29/2019,2.1,2.03,1.99,1.89,1.75,1.53,1.44,1.4,1.46,1.5,1.78,1.97
8/30/2019,2.1,2.04,1.99,1.89,1.76,1.5,1.42,1.39,1.45,1.5,1.78,1.96
9/3/2019,2.06,2.01,1.98,1.88,1.72,1.47,1.38,1.35,1.42,1.47,1.77,1.95
9/4/2019,2.05,2.02,1.97,1.87,1.69,1.43,1.36,1.32,1.4,1.47,1.77,1.97
9/5/2019,2.05,2.01,1.97,1.88,1.73,1.55,1.47,1.43,1.51,1.57,1.86,2.06
9/6/2019,2.05,2,1.96,1.88,1.73,1.53,1.46,1.42,1.5,1.55,1.83,2.02
9/9/2019,2.04,1.99,1.96,1.87,1.74,1.58,1.52,1.49,1.57,1.63,1.91,2.11
9/10/2019,2.04,1.99,1.95,1.89,1.81,1.67,1.61,1.58,1.66,1.72,2,2.19
9/11/2019,2.01,1.97,1.96,1.88,1.79,1.68,1.62,1.6,1.68,1.75,2.02,2.22
9/12/2019,1.99,1.97,1.95,1.9,1.82,1.72,1.67,1.65,1.72,1.79,2.06,2.22
9/13/2019,1.99,1.98,1.96,1.92,1.88,1.79,1.76,1.75,1.83,1.9,2.17,2.37
9/16/2019,2.08,2.02,1.99,1.93,1.86,1.74,1.71,1.69,1.77,1.84,2.11,2.31
9/17/2019,2.1,2.06,1.99,1.93,1.87,1.72,1.68,1.66,1.75,1.81,2.08,2.27
9/18/2019,1.94,1.93,1.95,1.91,1.87,1.77,1.72,1.68,1.76,1.8,2.06,2.25
9/19/2019,2.01,1.99,1.93,1.92,1.88,1.74,1.68,1.66,1.73,1.79,2.04,2.22
9/20/2019,1.95,1.94,1.91,1.91,1.84,1.69,1.63,1.61,1.68,1.74,1.99,2.17
9/23/2019,1.94,1.94,1.94,1.93,1.81,1.68,1.61,1.59,1.65,1.72,1.98,2.16
9/24/2019,1.9,1.9,1.92,1.91,1.78,1.6,1.53,1.52,1.58,1.64,1.91,2.09
9/25/2019,1.8,1.86,1.89,1.9,1.82,1.68,1.61,1.6,1.66,1.73,1.99,2.18
9/26/2019,1.91,1.9,1.83,1.88,1.79,1.66,1.61,1.59,1.65,1.7,1.96,2.15
9/27/2019,1.9,1.86,1.8,1.85,1.74,1.63,1.58,1.56,1.62,1.69,1.95,2.13
9/30/2019,1.91,1.87,1.88,1.83,1.75,1.63,1.56,1.55,1.62,1.68,1.94,2.12
10/1/2019,1.79,1.77,1.82,1.81,1.73,1.56,1.51,1.51,1.59,1.65,1.93,2.11
10/2/2019,1.75,1.75,1.79,1.75,1.67,1.48,1.43,1.43,1.53,1.6,1.9,2.09
10/3/2019,1.78,1.75,1.7,1.66,1.58,1.39,1.34,1.34,1.45,1.54,1.85,2.04
10/4/2019,1.73,1.74,1.71,1.65,1.58,1.4,1.35,1.34,1.43,1.52,1.81,2.01
10/7/2019,1.76,1.76,1.75,1.73,1.64,1.46,1.41,1.38,1.47,1.56,1.85,2.05
10/8/2019,1.69,1.72,1.72,1.69,1.62,1.42,1.38,1.36,1.45,1.54,1.84,2.04
10/9/2019,1.69,1.7,1.69,1.69,1.59,1.47,1.43,1.4,1.5,1.59,1.88,2.08
10/10/2019,1.74,1.71,1.68,1.68,1.63,1.53,1.49,1.48,1.57,1.67,1.96,2.16
10/11/2019,1.76,1.74,1.68,1.68,1.67,1.63,1.6,1.59,1.68,1.76,2.04,2.22
10/15/2019,1.74,1.72,1.67,1.67,1.65,1.61,1.6,1.59,1.68,1.77,2.06,2.23
10/16/2019,1.71,1.68,1.66,1.64,1.59,1.58,1.57,1.57,1.65,1.75,2.05,2.23
10/17/2019,1.74,1.7,1.66,1.63,1.59,1.6,1.57,1.57,1.66,1.76,2.05,2.24
10/18/2019,1.75,1.69,1.66,1.63,1.58,1.58,1.56,1.56,1.66,1.76,2.06,2.25
10/21/2019,1.76,1.7,1.67,1.65,1.59,1.62,1.59,1.61,1.7,1.8,2.1,2.28
10/22/2019,1.75,1.69,1.65,1.64,1.59,1.6,1.59,1.6,1.68,1.78,2.07,2.26
10/23/2019,1.74,1.69,1.65,1.64,1.58,1.58,1.58,1.58,1.67,1.77,2.06,2.25
10/24/2019,1.75,1.73,1.67,1.65,1.59,1.58,1.58,1.58,1.67,1.77,2.08,2.26
10/25/2019,1.73,1.72,1.66,1.66,1.6,1.63,1.62,1.62,1.71,1.8,2.1,2.29
10/28/2019,1.74,1.71,1.65,1.65,1.6,1.64,1.65,1.66,1.75,1.85,2.16,2.34
10/29/2019,1.66,1.67,1.63,1.64,1.59,1.64,1.65,1.66,1.74,1.84,2.15,2.33
10/30/2019,1.61,1.6,1.62,1.62,1.59,1.61,1.6,1.61,1.69,1.78,2.08,2.26
10/31/2019,1.59,1.59,1.54,1.57,1.53,1.52,1.52,1.51,1.6,1.69,2,2.17
11/1/2019,1.58,1.58,1.52,1.55,1.53,1.56,1.55,1.55,1.63,1.73,2.03,2.21
11/4/2019,1.58,1.57,1.53,1.57,1.56,1.6,1.59,1.6,1.69,1.79,2.1,2.27
11/5/2019,1.56,1.57,1.56,1.58,1.62,1.63,1.63,1.66,1.77,1.86,2.17,2.34
11/6/2019,1.55,1.56,1.56,1.57,1.58,1.61,1.6,1.63,1.73,1.81,2.13,2.3
11/7/2019,1.57,1.57,1.56,1.58,1.58,1.68,1.7,1.74,1.84,1.92,2.24,2.4
11/8/2019,1.56,1.56,1.55,1.58,1.58,1.68,1.7,1.74,1.86,1.94,2.27,2.43
11/12/2019,1.56,1.56,1.59,1.59,1.58,1.66,1.69,1.73,1.84,1.92,2.24,2.39
11/13/2019,1.56,1.57,1.57,1.59,1.57,1.63,1.65,1.69,1.79,1.88,2.2,2.36
11/14/2019,1.59,1.57,1.57,1.58,1.55,1.58,1.59,1.63,1.73,1.82,2.15,2.31
11/15/2019,1.59,1.56,1.57,1.59,1.54,1.61,1.61,1.65,1.75,1.84,2.16,2.31
11/18/2019,1.59,1.57,1.57,1.58,1.54,1.6,1.59,1.63,1.73,1.81,2.14,2.3
11/19/2019,1.58,1.57,1.57,1.58,1.54,1.6,1.59,1.63,1.71,1.79,2.11,2.26
11/20/2019,1.57,1.56,1.57,1.58,1.54,1.56,1.55,1.58,1.66,1.73,2.05,2.2
11/21/2019,1.57,1.57,1.58,1.59,1.55,1.6,1.59,1.62,1.71,1.77,2.09,2.24
11/22/2019,1.58,1.59,1.58,1.59,1.56,1.61,1.6,1.62,1.71,1.77,2.08,2.22
11/25/2019,1.6,1.6,1.61,1.61,1.58,1.61,1.6,1.62,1.71,1.76,2.07,2.21
11/26/2019,1.63,1.61,1.6,1.62,1.59,1.58,1.58,1.58,1.68,1.74,2.04,2.18
11/27/2019,1.65,1.6,1.62,1.63,1.6,1.63,1.61,1.63,1.71,1.77,2.06,2.19
11/29/2019,1.62,1.6,1.59,1.63,1.6,1.61,1.61,1.62,1.73,1.78,2.07,2.21
12/2/2019,1.6,1.58,1.6,1.62,1.6,1.61,1.63,1.65,1.77,1.83,2.15,2.28
12/3/2019,1.56,1.54,1.57,1.57,1.57,1.53,1.54,1.54,1.65,1.72,2.03,2.17
12/4/2019,1.59,1.54,1.55,1.56,1.56,1.58,1.58,1.6,1.71,1.77,2.08,2.22
12/5/2019,1.52,1.56,1.54,1.55,1.56,1.58,1.6,1.62,1.73,1.8,2.11,2.24
12/6/2019,1.52,1.55,1.53,1.56,1.57,1.61,1.64,1.67,1.78,1.84,2.14,2.29
12/9/2019,1.54,1.54,1.54,1.58,1.56,1.63,1.63,1.67,1.77,1.83,2.13,2.27
12/10/2019,1.53,1.55,1.56,1.57,1.56,1.65,1.67,1.68,1.78,1.85,2.12,2.26
12/11/2019,1.54,1.56,1.57,1.58,1.55,1.61,1.62,1.64,1.74,1.79,2.08,2.23
12/12/2019,1.57,1.57,1.56,1.57,1.55,1.66,1.69,1.73,1.84,1.9,2.18,2.32
12/13/2019,1.55,1.57,1.57,1.56,1.54,1.61,1.62,1.66,1.76,1.82,2.11,2.26
12/16/2019,1.57,1.57,1.57,1.58,1.54,1.65,1.67,1.72,1.82,1.89,2.17,2.3
12/17/2019,1.56,1.56,1.56,1.58,1.53,1.63,1.66,1.71,1.82,1.89,2.18,2.31
12/18/2019,1.56,1.57,1.56,1.58,1.54,1.63,1.67,1.74,1.86,1.92,2.22,2.35
12/19/2019,1.54,1.58,1.57,1.57,1.52,1.62,1.65,1.73,1.84,1.92,2.21,2.35
12/20/2019,1.57,1.59,1.58,1.58,1.52,1.63,1.67,1.73,1.84,1.92,2.21,2.34
12/23/2019,1.57,1.57,1.59,1.6,1.53,1.64,1.67,1.75,1.86,1.93,2.22,2.35
12/24/2019,1.55,1.58,1.58,1.61,1.53,1.62,1.64,1.72,1.83,1.9,2.2,2.33
12/26/2019,1.59,1.6,1.58,1.61,1.53,1.64,1.65,1.72,1.85,1.9,2.19,2.33
12/27/2019,1.56,1.56,1.57,1.59,1.51,1.59,1.6,1.68,1.8,1.88,2.18,2.32
12/30/2019,1.51,1.53,1.57,1.6,1.57,1.58,1.59,1.68,1.81,1.9,2.21,2.34
12/31/2019,1.48,1.51,1.55,1.6,1.59,1.58,1.62,1.69,1.83,1.92,2.25,2.39
1/2/2020,1.53,1.55,1.54,1.57,1.56,1.58,1.59,1.67,1.79,1.88,2.19,2.33
1/3/2020,1.52,1.55,1.52,1.55,1.55,1.53,1.54,1.59,1.71,1.8,2.11,2.26
1/6/2020,1.54,1.54,1.56,1.56,1.54,1.54,1.56,1.61,1.72,1.81,2.13,2.28
1/7/2020,1.52,1.53,1.54,1.56,1.53,1.54,1.55,1.62,1.74,1.83,2.16,2.31
1/8/2020,1.5,1.53,1.54,1.56,1.55,1.58,1.61,1.67,1.78,1.87,2.21,2.35
1/9/2020,1.53,1.55,1.54,1.56,1.54,1.58,1.59,1.65,1.77,1.85,2.17,2.38
1/10/2020,1.52,1.55,1.54,1.55,1.53,1.56,1.59,1.63,1.74,1.83,2.14,2.28
1/13/2020,1.54,1.56,1.57,1.57,1.53,1.58,1.6,1.65,1.76,1.85,2.16,2.3
1/14/2020,1.53,1.56,1.57,1.57,1.53,1.58,1.59,1.63,1.74,1.82,2.12,2.27
1/15/2020,1.53,1.56,1.57,1.58,1.54,1.56,1.56,1.6,1.71,1.79,2.09,2.23
1/16/2020,1.54,1.56,1.55,1.56,1.54,1.58,1.58,1.63,1.73,1.81,2.11,2.26
1/17/2020,1.54,1.56,1.56,1.57,1.56,1.58,1.56,1.63,1.74,1.84,2.16,2.29
1/21/2020,1.52,1.54,1.56,1.57,1.54,1.53,1.53,1.57,1.69,1.78,2.1,2.23
1/22/2020,1.52,1.53,1.55,1.56,1.55,1.53,1.52,1.57,1.68,1.77,2.07,2.22
1/23/2020,1.55,1.57,1.55,1.56,1.55,1.51,1.51,1.55,1.65,1.74,2.03,2.18
1/24/2020,1.54,1.55,1.54,1.55,1.55,1.49,1.48,1.51,1.61,1.7,2,2.14
1/27/2020,1.53,1.55,1.55,1.57,1.53,1.44,1.41,1.44,1.52,1.61,1.91,2.05
1/28/2020,1.53,1.57,1.57,1.58,1.53,1.45,1.45,1.47,1.56,1.65,1.95,2.1
1/29/2020,1.52,1.55,1.56,1.57,1.51,1.42,1.39,1.41,1.51,1.6,1.89,2.05
1/30/2020,1.59,1.58,1.57,1.57,1.48,1.41,1.37,1.39,1.49,1.57,1.88,2.04
1/31/2020,1.56,1.57,1.55,1.54,1.45,1.33,1.3,1.32,1.42,1.51,1.83,1.99
2/3/2020,1.56,1.57,1.57,1.56,1.46,1.36,1.34,1.35,1.45,1.54,1.84,2.01
2/4/2020,1.55,1.57,1.57,1.57,1.48,1.41,1.4,1.42,1.52,1.61,1.91,2.08
2/5/2020,1.55,1.56,1.57,1.57,1.49,1.44,1.43,1.46,1.57,1.66,1.97,2.14
2/6/2020,1.59,1.59,1.57,1.58,1.51,1.44,1.43,1.45,1.56,1.65,1.94,2.11
2/7/2020,1.57,1.58,1.56,1.57,1.49,1.41,1.39,1.41,1.51,1.59,1.89,2.05
2/10/2020,1.58,1.58,1.58,1.58,1.45,1.37,1.36,1.38,1.47,1.56,1.87,2.03
2/11/2020,1.57,1.58,1.57,1.55,1.48,1.41,1.39,1.4,1.5,1.59,1.89,2.05
2/12/2020,1.57,1.59,1.58,1.56,1.49,1.44,1.42,1.45,1.55,1.62,1.93,2.09
2/13/2020,1.59,1.59,1.59,1.56,1.48,1.44,1.42,1.43,1.53,1.61,1.91,2.07
2/14/2020,1.6,1.6,1.58,1.56,1.49,1.42,1.4,1.42,1.51,1.59,1.89,2.04
2/18/2020,1.61,1.6,1.58,1.56,1.47,1.41,1.37,1.39,1.48,1.55,1.85,2
2/19/2020,1.61,1.61,1.58,1.56,1.47,1.42,1.39,1.41,1.5,1.56,1.86,2.01
2/20/2020,1.61,1.6,1.58,1.55,1.46,1.39,1.35,1.37,1.45,1.52,1.81,1.97
2/21/2020,1.6,1.6,1.56,1.53,1.43,1.34,1.3,1.3,1.39,1.46,1.75,1.9
2/24/2020,1.6,1.59,1.53,1.49,1.35,1.26,1.21,1.21,1.3,1.38,1.68,1.84
2/25/2020,1.59,1.58,1.53,1.47,1.3,1.2,1.16,1.16,1.25,1.33,1.63,1.8
2/26/2020,1.59,1.56,1.53,1.42,1.26,1.16,1.14,1.14,1.25,1.33,1.64,1.81
2/27/2020,1.56,1.53,1.45,1.33,1.18,1.11,1.08,1.11,1.22,1.3,1.61,1.79
2/28/2020,1.45,1.37,1.27,1.11,0.97,0.86,0.85,0.89,1.03,1.13,1.46,1.65
3/2/2020,1.41,1.27,1.13,0.95,0.89,0.84,0.85,0.88,1.01,1.1,1.46,1.66
3/3/2020,1.11,1.05,0.95,0.83,0.73,0.71,0.72,0.77,0.91,1.02,1.44,1.64
3/4/2020,1,0.87,0.72,0.68,0.59,0.67,0.68,0.75,0.9,1.02,1.45,1.67
3/5/2020,0.92,0.83,0.62,0.53,0.48,0.59,0.61,0.67,0.81,0.92,1.34,1.56
3/6/2020,0.79,0.64,0.45,0.41,0.39,0.49,0.53,0.58,0.69,0.74,1.09,1.25
3/9/2020,0.57,0.52,0.33,0.27,0.31,0.38,0.4,0.46,0.56,0.54,0.87,0.99
3/10/2020,0.57,0.55,0.44,0.43,0.43,0.5,0.58,0.63,0.73,0.76,1.16,1.28
3/11/2020,0.42,0.42,0.42,0.4,0.4,0.5,0.58,0.66,0.78,0.82,1.13,1.3
3/12/2020,0.41,0.33,0.33,0.37,0.39,0.5,0.58,0.66,0.82,0.88,1.27,1.49
3/13/2020,0.33,0.3,0.28,0.38,0.38,0.49,0.58,0.7,0.89,0.94,1.31,1.56
3/16/2020,0.25,0.25,0.24,0.29,0.29,0.36,0.43,0.49,0.67,0.73,1.1,1.34
3/17/2020,0.12,0.18,0.19,0.24,0.3,0.47,0.54,0.66,0.91,1.02,1.45,1.63
3/18/2020,0.04,0.03,0.02,0.08,0.21,0.54,0.66,0.79,1.08,1.18,1.6,1.77
3/19/2020,0.04,0.04,0.04,0.06,0.2,0.44,0.53,0.66,1,1.12,1.56,1.78
3/20/2020,0.04,0.05,0.05,0.05,0.15,0.37,0.41,0.52,0.82,0.92,1.35,1.55
3/23/2020,0.01,0.04,0.02,0.08,0.17,0.28,0.31,0.38,0.63,0.76,1.12,1.33
3/24/2020,0.01,0.01,0.01,0.09,0.25,0.38,0.44,0.52,0.75,0.84,1.19,1.39
3/25/2020,0,0,0,0.07,0.19,0.34,0.41,0.56,0.77,0.88,1.23,1.45
3/26/2020,0.01,0.01,0,0.04,0.13,0.3,0.36,0.51,0.72,0.83,1.2,1.42
3/27/2020,0.01,0.03,0.03,0.02,0.11,0.25,0.3,0.41,0.6,0.72,1.09,1.29
3/30/2020,0.04,0.07,0.12,0.12,0.14,0.23,0.29,0.39,0.57,0.7,1.1,1.31
3/31/2020,0.05,0.12,0.11,0.15,0.17,0.23,0.29,0.37,0.55,0.7,1.15,1.35
4/1/2020,0.03,0.07,0.09,0.14,0.16,0.23,0.28,0.37,0.51,0.62,1.04,1.27
4/2/2020,0.09,0.1,0.09,0.15,0.14,0.23,0.29,0.39,0.53,0.63,1.04,1.26
4/3/2020,0.09,0.11,0.1,0.15,0.15,0.23,0.3,0.39,0.52,0.62,1.05,1.24
4/6/2020,0.09,0.13,0.15,0.17,0.2,0.27,0.35,0.44,0.58,0.67,1.08,1.27
4/7/2020,0.1,0.13,0.14,0.2,0.2,0.28,0.36,0.48,0.64,0.75,1.13,1.32
4/8/2020,0.14,0.17,0.22,0.24,0.23,0.27,0.34,0.47,0.65,0.77,1.18,1.37
4/9/2020,0.2,0.27,0.25,0.24,0.25,0.23,0.29,0.41,0.6,0.73,1.15,1.35
4/13/2020,0.17,0.29,0.26,0.27,0.27,0.25,0.31,0.44,0.63,0.76,1.19,1.39
4/14/2020,0.17,0.19,0.2,0.24,0.25,0.23,0.29,0.42,0.61,0.76,1.19,1.41
4/15/2020,0.14,0.15,0.14,0.19,0.19,0.2,0.24,0.34,0.49,0.63,1.06,1.27
4/16/2020,0.14,0.15,0.14,0.18,0.17,0.2,0.25,0.35,0.5,0.61,1.01,1.21
4/17/2020,0.12,0.12,0.12,0.16,0.16,0.2,0.26,0.36,0.53,0.65,1.08,1.27
4/20/2020,0.1,0.1,0.12,0.15,0.15,0.2,0.26,0.35,0.51,0.63,1.04,1.23
4/21/2020,0.08,0.08,0.11,0.14,0.17,0.2,0.24,0.34,0.48,0.58,0.98,1.17
4/22/2020,0.09,0.09,0.12,0.14,0.16,0.22,0.26,0.37,0.52,0.63,1.03,1.22
4/23/2020,0.09,0.12,0.11,0.14,0.17,0.22,0.26,0.37,0.51,0.61,0.99,1.18
4/24/2020,0.1,0.11,0.12,0.14,0.18,0.22,0.26,0.36,0.51,0.6,0.98,1.17
4/27/2020,0.09,0.13,0.12,0.15,0.17,0.24,0.29,0.41,0.56,0.67,1.06,1.25
4/28/2020,0.08,0.09,0.11,0.13,0.16,0.2,0.26,0.37,0.52,0.62,1,1.2
4/29/2020,0.1,0.09,0.1,0.12,0.18,0.2,0.24,0.36,0.52,0.63,1.02,1.24
4/30/2020,0.1,0.1,0.09,0.11,0.16,0.2,0.24,0.36,0.53,0.64,1.05,1.28
5/1/2020,0.1,0.11,0.12,0.12,0.17,0.2,0.25,0.36,0.53,0.64,1.04,1.27
5/4/2020,0.1,0.1,0.13,0.14,0.16,0.19,0.24,0.36,0.52,0.64,1.05,1.29
5/5/2020,0.09,0.11,0.13,0.15,0.16,0.19,0.24,0.36,0.53,0.66,1.07,1.32
5/6/2020,0.08,0.1,0.12,0.16,0.16,0.17,0.24,0.37,0.57,0.72,1.16,1.41
5/7/2020,0.1,0.11,0.11,0.14,0.15,0.13,0.19,0.29,0.49,0.63,1.05,1.31
5/8/2020,0.1,0.11,0.12,0.15,0.15,0.16,0.21,0.33,0.53,0.69,1.12,1.39
5/11/2020,0.09,0.11,0.12,0.16,0.16,0.17,0.24,0.36,0.56,0.73,1.16,1.43
5/12/2020,0.1,0.11,0.13,0.16,0.16,0.17,0.22,0.34,0.53,0.69,1.11,1.38
5/13/2020,0.1,0.1,0.13,0.15,0.15,0.16,0.2,0.31,0.5,0.64,1.07,1.35
5/14/2020,0.09,0.1,0.12,0.15,0.15,0.16,0.2,0.31,0.48,0.63,1.03,1.3
5/15/2020,0.09,0.09,0.12,0.15,0.15,0.16,0.19,0.31,0.49,0.64,1.05,1.32
5/18/2020,0.1,0.11,0.13,0.15,0.17,0.18,0.24,0.38,0.57,0.73,1.17,1.44
5/19/2020,0.09,0.11,0.13,0.15,0.16,0.17,0.22,0.35,0.54,0.7,1.15,1.43
5/20/2020,0.08,0.11,0.12,0.14,0.16,0.16,0.21,0.34,0.53,0.68,1.19,1.4
5/21/2020,0.09,0.11,0.12,0.14,0.16,0.17,0.21,0.35,0.53,0.68,1.16,1.4
5/22/2020,0.09,0.11,0.12,0.16,0.17,0.17,0.21,0.34,0.51,0.66,1.12,1.37
5/26/2020,0.1,0.12,0.14,0.17,0.17,0.18,0.22,0.35,0.53,0.69,1.19,1.43
5/27/2020,0.11,0.14,0.15,0.17,0.18,0.19,0.22,0.34,0.52,0.68,1.19,1.44
5/28/2020,0.14,0.15,0.15,0.18,0.17,0.17,0.22,0.34,0.54,0.7,1.23,1.47
5/29/2020,0.13,0.14,0.14,0.18,0.17,0.16,0.19,0.3,0.5,0.65,1.18,1.41
6/1/2020,0.12,0.14,0.14,0.18,0.17,0.14,0.2,0.31,0.5,0.66,1.22,1.46
6/2/2020,0.12,0.13,0.15,0.18,0.17,0.17,0.2,0.32,0.52,0.68,1.24,1.48
6/3/2020,0.12,0.14,0.16,0.19,0.17,0.19,0.26,0.38,0.59,0.77,1.32,1.56
6/4/2020,0.13,0.15,0.15,0.18,0.17,0.19,0.26,0.4,0.63,0.82,1.38,1.61
6/5/2020,0.13,0.14,0.15,0.18,0.18,0.22,0.29,0.47,0.71,0.91,1.46,1.68
6/8/2020,0.15,0.15,0.17,0.19,0.19,0.22,0.29,0.45,0.69,0.88,1.43,1.65
6/9/2020,0.14,0.17,0.19,0.19,0.19,0.2,0.25,0.4,0.65,0.84,1.37,1.59
6/10/2020,0.13,0.16,0.17,0.19,0.18,0.17,0.22,0.33,0.56,0.75,1.31,1.53
6/11/2020,0.14,0.16,0.17,0.18,0.19,0.19,0.22,0.32,0.51,0.66,1.19,1.41
6/12/2020,0.14,0.15,0.16,0.18,0.18,0.19,0.22,0.33,0.54,0.71,1.24,1.45
6/15/2020,0.15,0.16,0.18,0.19,0.17,0.19,0.22,0.33,0.54,0.71,1.24,1.45
6/16/2020,0.14,0.15,0.17,0.19,0.18,0.21,0.23,0.34,0.56,0.75,1.31,1.54
6/17/2020,0.13,0.15,0.17,0.18,0.19,0.19,0.23,0.34,0.55,0.74,1.3,1.52
6/18/2020,0.13,0.14,0.16,0.17,0.19,0.19,0.22,0.34,0.54,0.71,1.24,1.47
6/19/2020,0.13,0.14,0.15,0.17,0.18,0.19,0.22,0.33,0.53,0.7,1.23,1.47
6/22/2020,0.14,0.15,0.16,0.18,0.17,0.19,0.22,0.34,0.54,0.71,1.23,1.46
6/23/2020,0.12,0.14,0.16,0.17,0.18,0.18,0.22,0.33,0.54,0.72,1.25,1.49
6/24/2020,0.11,0.14,0.15,0.17,0.17,0.19,0.21,0.33,0.52,0.69,1.21,1.44
6/25/2020,0.13,0.14,0.16,0.17,0.17,0.17,0.21,0.32,0.53,0.68,1.2,1.43
6/26/2020,0.12,0.15,0.14,0.17,0.17,0.17,0.19,0.3,0.49,0.64,1.15,1.37
6/29/2020,0.11,0.14,0.14,0.18,0.16,0.16,0.18,0.28,0.47,0.64,1.16,1.39
6/30/2020,0.13,0.14,0.16,0.18,0.16,0.16,0.18,0.29,0.49,0.66,1.18,1.41
7/1/2020,0.12,0.12,0.14,0.17,0.16,0.17,0.19,0.31,0.52,0.69,1.2,1.43
7/2/2020,0.13,0.14,0.14,0.16,0.16,0.16,0.19,0.29,0.5,0.68,1.2,1.43
7/6/2020,0.12,0.14,0.15,0.16,0.16,0.16,0.19,0.31,0.51,0.69,1.21,1.45
7/7/2020,0.12,0.14,0.15,0.17,0.15,0.16,0.19,0.29,0.48,0.65,1.15,1.38
7/8/2020,0.11,0.13,0.15,0.17,0.15,0.16,0.19,0.3,0.49,0.67,1.16,1.39
7/9/2020,0.11,0.12,0.13,0.16,0.15,0.16,0.18,0.28,0.46,0.62,1.09,1.32
7/10/2020,0.1,0.12,0.13,0.15,0.15,0.16,0.19,0.3,0.49,0.65,1.12,1.33
7/13/2020,0.11,0.12,0.14,0.15,0.16,0.16,0.19,0.3,0.48,0.64,1.11,1.33
7/14/2020,0.11,0.14,0.15,0.14,0.17,0.14,0.19,0.28,0.47,0.63,1.09,1.3
7/15/2020,0.12,0.13,0.16,0.15,0.15,0.16,0.18,0.28,0.47,0.64,1.11,1.33
7/16/2020,0.12,0.11,0.11,0.13,0.14,0.16,0.17,0.28,0.46,0.62,1.09,1.31
7/17/2020,0.11,0.11,0.11,0.13,0.14,0.14,0.18,0.29,0.47,0.64,1.11,1.33
7/20/2020,0.11,0.12,0.13,0.14,0.14,0.16,0.18,0.29,0.47,0.62,1.1,1.32
7/21/2020,0.09,0.11,0.13,0.13,0.15,0.14,0.17,0.27,0.45,0.61,1.09,1.31
7/22/2020,0.09,0.12,0.13,0.14,0.14,0.14,0.17,0.27,0.45,0.6,1.08,1.29
7/23/2020,0.09,0.11,0.12,0.13,0.14,0.16,0.16,0.27,0.44,0.59,1.03,1.24
7/24/2020,0.1,0.11,0.11,0.14,0.16,0.14,0.17,0.27,0.44,0.59,1.03,1.23
7/27/2020,0.1,0.1,0.11,0.14,0.14,0.15,0.18,0.3,0.46,0.62,1.05,1.25
7/28/2020,0.09,0.11,0.11,0.12,0.14,0.14,0.16,0.26,0.44,0.59,1.01,1.22
7/29/2020,0.09,0.1,0.11,0.12,0.13,0.12,0.15,0.25,0.43,0.58,1.03,1.24
7/30/2020,0.1,0.1,0.09,0.11,0.11,0.11,0.14,0.23,0.4,0.55,0.98,1.2
7/31/2020,0.09,0.09,0.09,0.1,0.11,0.11,0.11,0.21,0.39,0.55,0.98,1.2
8/3/2020,0.09,0.09,0.1,0.11,0.12,0.11,0.13,0.22,0.4,0.56,1.01,1.23
8/4/2020,0.09,0.09,0.09,0.11,0.14,0.11,0.1,0.19,0.36,0.52,0.96,1.19
8/5/2020,0.08,0.09,0.1,0.12,0.12,0.11,0.13,0.22,0.39,0.55,1,1.22
8/6/2020,0.07,0.11,0.1,0.11,0.14,0.11,0.13,0.21,0.39,0.55,0.98,1.2
8/7/2020,0.08,0.09,0.1,0.12,0.14,0.13,0.14,0.23,0.41,0.57,1.01,1.23
8/10/2020,0.09,0.11,0.11,0.13,0.13,0.14,0.15,0.24,0.42,0.59,1.04,1.25
8/11/2020,0.08,0.1,0.11,0.12,0.15,0.16,0.18,0.27,0.46,0.64,1.1,1.32
8/12/2020,0.08,0.1,0.11,0.12,0.13,0.16,0.19,0.3,0.5,0.69,1.15,1.37
8/13/2020,0.08,0.1,0.1,0.12,0.14,0.16,0.19,0.32,0.52,0.71,1.2,1.42
8/14/2020,0.09,0.1,0.1,0.12,0.13,0.14,0.18,0.29,0.51,0.71,1.21,1.45
8/17/2020,0.09,0.1,0.1,0.12,0.13,0.14,0.18,0.29,0.49,0.69,1.19,1.43
8/18/2020,0.08,0.09,0.09,0.13,0.13,0.14,0.17,0.27,0.47,0.67,1.16,1.4
8/19/2020,0.07,0.09,0.11,0.12,0.13,0.14,0.17,0.29,0.48,0.68,1.2,1.42
8/20/2020,0.08,0.09,0.11,0.13,0.12,0.13,0.15,0.26,0.46,0.65,1.15,1.38
8/21/2020,0.07,0.09,0.1,0.12,0.13,0.16,0.16,0.27,0.46,0.64,1.13,1.35
8/24/2020,0.09,0.1,0.12,0.12,0.14,0.14,0.18,0.28,0.47,0.65,1.14,1.35
8/25/2020,0.08,0.1,0.11,0.12,0.13,0.15,0.18,0.3,0.49,0.69,1.18,1.39
8/26/2020,0.08,0.1,0.11,0.12,0.12,0.16,0.18,0.28,0.5,0.69,1.2,1.41
8/27/2020,0.09,0.1,0.11,0.11,0.13,0.16,0.19,0.31,0.53,0.74,1.28,1.5
8/28/2020,0.09,0.09,0.1,0.11,0.12,0.14,0.16,0.28,0.51,0.74,1.29,1.52
8/31/2020,0.08,0.1,0.11,0.13,0.12,0.14,0.15,0.28,0.5,0.72,1.26,1.49
9/1/2020,0.09,0.11,0.12,0.13,0.12,0.13,0.14,0.26,0.46,0.68,1.2,1.43
9/2/2020,0.1,0.1,0.12,0.12,0.13,0.14,0.16,0.26,0.45,0.66,1.16,1.38
9/3/2020,0.1,0.11,0.11,0.12,0.12,0.13,0.15,0.24,0.43,0.63,1.13,1.34
9/4/2020,0.09,0.1,0.11,0.12,0.13,0.14,0.18,0.3,0.5,0.72,1.25,1.46
9/8/2020,0.1,0.1,0.13,0.14,0.15,0.14,0.17,0.28,0.47,0.69,1.22,1.43
9/9/2020,0.1,0.11,0.12,0.14,0.14,0.14,0.17,0.28,0.48,0.71,1.25,1.45
9/10/2020,0.1,0.11,0.12,0.12,0.15,0.14,0.17,0.26,0.46,0.68,1.22,1.43
9/11/2020,0.1,0.11,0.11,0.12,0.13,0.13,0.16,0.26,0.45,0.67,1.21,1.42
9/14/2020,0.1,0.11,0.11,0.13,0.14,0.14,0.16,0.27,0.46,0.68,1.21,1.42
9/15/2020,0.09,0.1,0.11,0.12,0.13,0.14,0.16,0.27,0.46,0.68,1.21,1.43
9/16/2020,0.08,0.11,0.12,0.12,0.12,0.14,0.16,0.28,0.47,0.69,1.23,1.45
9/17/2020,0.09,0.09,0.09,0.11,0.12,0.13,0.16,0.28,0.47,0.69,1.22,1.43
9/18/2020,0.09,0.1,0.1,0.12,0.13,0.14,0.16,0.29,0.48,0.7,1.24,1.45
9/21/2020,0.09,0.1,0.1,0.11,0.12,0.14,0.16,0.27,0.46,0.68,1.22,1.43
9/22/2020,0.08,0.09,0.1,0.11,0.12,0.13,0.15,0.27,0.46,0.68,1.21,1.42
9/23/2020,0.08,0.09,0.11,0.11,0.13,0.14,0.15,0.28,0.46,0.68,1.21,1.42
9/24/2020,0.08,0.09,0.1,0.11,0.12,0.14,0.16,0.27,0.46,0.67,1.19,1.4
9/25/2020,0.08,0.09,0.1,0.11,0.12,0.12,0.15,0.26,0.45,0.66,1.19,1.4
9/28/2020,0.09,0.1,0.11,0.11,0.12,0.14,0.16,0.26,0.46,0.67,1.2,1.42
9/29/2020,0.07,0.08,0.09,0.11,0.12,0.11,0.13,0.24,0.44,0.66,1.19,1.41
9/30/2020,0.08,0.08,0.1,0.11,0.12,0.13,0.16,0.28,0.47,0.69,1.23,1.46
10/1/2020,0.09,0.09,0.09,0.1,0.12,0.14,0.16,0.27,0.46,0.68,1.23,1.45
10/2/2020,0.1,0.09,0.09,0.11,0.12,0.13,0.16,0.28,0.48,0.7,1.25,1.48
10/5/2020,0.09,0.1,0.1,0.11,0.12,0.14,0.19,0.33,0.55,0.78,1.34,1.57
10/6/2020,0.08,0.09,0.1,0.11,0.14,0.14,0.17,0.32,0.53,0.76,1.33,1.56
10/7/2020,0.08,0.09,0.1,0.12,0.13,0.16,0.21,0.35,0.56,0.81,1.37,1.6
10/8/2020,0.09,0.09,0.09,0.12,0.13,0.13,0.18,0.33,0.54,0.78,1.34,1.57
10/9/2020,0.1,0.11,0.1,0.12,0.15,0.16,0.2,0.34,0.55,0.79,1.34,1.58
10/13/2020,0.09,0.09,0.11,0.12,0.13,0.16,0.18,0.31,0.52,0.74,1.29,1.52
10/14/2020,0.1,0.1,0.12,0.12,0.13,0.14,0.18,0.3,0.51,0.73,1.28,1.5
10/15/2020,0.1,0.1,0.11,0.12,0.12,0.14,0.18,0.32,0.52,0.74,1.29,1.52
10/16/2020,0.09,0.1,0.11,0.12,0.12,0.14,0.18,0.32,0.53,0.76,1.3,1.52
10/19/2020,0.09,0.1,0.11,0.11,0.13,0.16,0.19,0.34,0.54,0.78,1.32,1.55
10/20/2020,0.08,0.09,0.1,0.12,0.13,0.14,0.19,0.34,0.57,0.81,1.37,1.6
10/21/2020,0.08,0.09,0.1,0.12,0.13,0.14,0.2,0.36,0.58,0.83,1.4,1.62
10/22/2020,0.09,0.09,0.09,0.11,0.13,0.16,0.21,0.38,0.62,0.87,1.43,1.67
10/23/2020,0.08,0.09,0.1,0.11,0.12,0.18,0.21,0.37,0.61,0.85,1.41,1.64
10/26/2020,0.08,0.09,0.11,0.12,0.12,0.16,0.18,0.35,0.58,0.81,1.37,1.59
10/27/2020,0.08,0.09,0.1,0.11,0.12,0.16,0.19,0.34,0.56,0.79,1.34,1.57
10/28/2020,0.07,0.09,0.1,0.11,0.12,0.16,0.19,0.34,0.56,0.79,1.34,1.56
10/29/2020,0.08,0.1,0.09,0.1,0.12,0.16,0.2,0.38,0.61,0.85,1.39,1.62
10/30/2020,0.08,0.09,0.09,0.11,0.13,0.14,0.19,0.38,0.64,0.88,1.43,1.65
11/2/2020,0.09,0.09,0.09,0.11,0.13,0.16,0.2,0.38,0.63,0.87,1.41,1.63
11/3/2020,0.09,0.1,0.1,0.12,0.14,0.17,0.21,0.39,0.65,0.9,1.44,1.66
11/4/2020,0.08,0.09,0.1,0.1,0.12,0.14,0.18,0.33,0.55,0.78,1.33,1.55
11/5/2020,0.09,0.1,0.1,0.1,0.12,0.14,0.18,0.33,0.56,0.79,1.32,1.54
11/6/2020,0.1,0.1,0.1,0.11,0.12,0.16,0.21,0.36,0.59,0.83,1.37,1.6
11/9/2020,0.1,0.1,0.11,0.11,0.12,0.17,0.25,0.44,0.7,0.96,1.51,1.73
11/10/2020,0.09,0.09,0.1,0.11,0.12,0.19,0.26,0.46,0.72,0.98,1.53,1.75
11/12/2020,0.1,0.11,0.1,0.1,0.13,0.17,0.23,0.4,0.64,0.88,1.42,1.64
11/13/2020,0.1,0.09,0.09,0.1,0.12,0.17,0.23,0.41,0.65,0.89,1.43,1.65
11/16/2020,0.09,0.1,0.09,0.12,0.12,0.19,0.24,0.41,0.66,0.91,1.44,1.66
11/17/2020,0.08,0.08,0.09,0.1,0.12,0.18,0.22,0.39,0.63,0.87,1.4,1.62
11/18/2020,0.07,0.09,0.09,0.1,0.11,0.16,0.22,0.4,0.64,0.88,1.42,1.62
11/19/2020,0.08,0.08,0.07,0.1,0.11,0.18,0.22,0.39,0.63,0.86,1.38,1.58
11/20/2020,0.09,0.09,0.07,0.1,0.11,0.16,0.21,0.38,0.62,0.83,1.33,1.53
11/23/2020,0.08,0.08,0.08,0.08,0.1,0.16,0.22,0.39,0.64,0.86,1.36,1.56
11/24/2020,0.08,0.08,0.09,0.1,0.11,0.16,0.22,0.39,0.65,0.88,1.4,1.6
11/25/2020,0.07,0.07,0.09,0.09,0.11,0.17,0.21,0.39,0.65,0.88,1.41,1.62
11/27/2020,0.09,0.09,0.09,0.1,0.11,0.16,0.2,0.37,0.61,0.84,1.36,1.57
11/30/2020,0.08,0.08,0.08,0.09,0.11,0.16,0.19,0.36,0.62,0.84,1.37,1.58
12/1/2020,0.07,0.07,0.09,0.1,0.12,0.17,0.22,0.42,0.68,0.92,1.46,1.66
12/2/2020,0.07,0.08,0.09,0.1,0.11,0.16,0.22,0.42,0.69,0.95,1.5,1.7
12/3/2020,0.08,0.08,0.08,0.09,0.1,0.16,0.21,0.4,0.67,0.92,1.46,1.67
12/4/2020,0.07,0.07,0.09,0.1,0.11,0.16,0.21,0.42,0.7,0.97,1.53,1.73
12/7/2020,0.09,0.08,0.08,0.1,0.1,0.14,0.2,0.4,0.67,0.94,1.49,1.69
12/8/2020,0.08,0.08,0.09,0.09,0.1,0.14,0.2,0.39,0.65,0.92,1.46,1.67
12/9/2020,0.07,0.07,0.08,0.09,0.1,0.16,0.21,0.41,0.68,0.95,1.48,1.69
12/10/2020,0.07,0.08,0.08,0.09,0.1,0.14,0.2,0.39,0.65,0.92,1.44,1.65
12/11/2020,0.08,0.08,0.08,0.08,0.1,0.11,0.18,0.37,0.63,0.9,1.42,1.63
12/14/2020,0.07,0.08,0.09,0.08,0.1,0.13,0.17,0.37,0.63,0.9,1.43,1.63
12/15/2020,0.07,0.08,0.08,0.08,0.09,0.11,0.18,0.37,0.64,0.92,1.45,1.65
12/16/2020,0.08,0.08,0.09,0.09,0.09,0.13,0.18,0.37,0.64,0.92,1.46,1.66
12/17/2020,0.08,0.09,0.08,0.09,0.09,0.13,0.19,0.38,0.66,0.94,1.47,1.68
12/18/2020,0.08,0.08,0.08,0.09,0.09,0.13,0.19,0.39,0.67,0.95,1.49,1.7
12/21/2020,0.08,0.09,0.09,0.09,0.09,0.13,0.18,0.39,0.66,0.95,1.48,1.68
12/22/2020,0.07,0.09,0.09,0.09,0.09,0.13,0.17,0.37,0.64,0.93,1.45,1.65
12/23/2020,0.07,0.08,0.09,0.09,0.09,0.13,0.18,0.38,0.67,0.96,1.49,1.7
12/24/2020,0.09,0.09,0.09,0.09,0.1,0.13,0.17,0.37,0.66,0.94,1.46,1.66
12/28/2020,0.09,0.1,0.11,0.11,0.11,0.13,0.17,0.38,0.65,0.94,1.46,1.67
12/29/2020,0.08,0.09,0.1,0.12,0.11,0.12,0.17,0.37,0.66,0.94,1.47,1.67
12/30/2020,0.06,0.06,0.08,0.09,0.12,0.12,0.17,0.37,0.66,0.93,1.46,1.66
12/31/2020,0.08,0.08,0.09,0.09,0.1,0.13,0.17,0.36,0.65,0.93,1.45,1.65
1/4/2021,0.09,0.09,0.09,0.09,0.1,0.11,0.16,0.36,0.64,0.93,1.46,1.66
1/5/2021,0.08,0.09,0.09,0.09,0.1,0.13,0.17,0.38,0.66,0.96,1.49,1.7
1/6/2021,0.09,0.09,0.09,0.09,0.11,0.14,0.2,0.43,0.74,1.04,1.6,1.81
1/7/2021,0.09,0.09,0.09,0.09,0.11,0.14,0.22,0.46,0.78,1.08,1.64,1.85
1/8/2021,0.08,0.08,0.08,0.09,0.1,0.14,0.24,0.49,0.81,1.13,1.67,1.87
1/11/2021,0.09,0.08,0.08,0.1,0.1,0.14,0.22,0.5,0.84,1.15,1.68,1.88
1/12/2021,0.09,0.08,0.09,0.09,0.11,0.14,0.23,0.5,0.83,1.15,1.68,1.88
1/13/2021,0.09,0.08,0.09,0.1,0.12,0.14,0.22,0.48,0.8,1.1,1.63,1.82
1/14/2021,0.09,0.09,0.09,0.09,0.1,0.16,0.23,0.49,0.82,1.15,1.69,1.88
1/15/2021,0.08,0.09,0.09,0.1,0.1,0.13,0.2,0.46,0.78,1.11,1.66,1.85
1/19/2021,0.07,0.09,0.09,0.11,0.1,0.14,0.21,0.45,0.78,1.1,1.65,1.84
1/20/2021,0.08,0.08,0.08,0.1,0.1,0.13,0.19,0.45,0.78,1.1,1.65,1.84
1/21/2021,0.07,0.09,0.09,0.09,0.1,0.13,0.19,0.45,0.79,1.12,1.68,1.87
1/22/2021,0.07,0.08,0.08,0.1,0.1,0.13,0.19,0.44,0.77,1.1,1.66,1.85
1/25/2021,0.07,0.08,0.09,0.09,0.1,0.13,0.17,0.42,0.73,1.05,1.61,1.8
1/26/2021,0.05,0.07,0.07,0.09,0.09,0.11,0.18,0.42,0.74,1.05,1.61,1.8
1/27/2021,0.05,0.06,0.08,0.09,0.09,0.12,0.18,0.41,0.72,1.04,1.6,1.79
1/28/2021,0.05,0.06,0.07,0.08,0.08,0.12,0.18,0.42,0.75,1.07,1.63,1.81
1/29/2021,0.07,0.07,0.06,0.07,0.1,0.11,0.19,0.45,0.79,1.11,1.68,1.87
2/1/2021,0.06,0.07,0.07,0.08,0.08,0.11,0.17,0.42,0.76,1.09,1.66,1.84
2/2/2021,0.04,0.05,0.07,0.08,0.08,0.11,0.18,0.45,0.79,1.12,1.69,1.87
2/3/2021,0.03,0.04,0.04,0.06,0.08,0.11,0.19,0.46,0.81,1.15,1.73,1.92
2/4/2021,0.03,0.04,0.04,0.06,0.07,0.11,0.18,0.46,0.81,1.15,1.75,1.93
2/5/2021,0.02,0.03,0.03,0.05,0.06,0.09,0.19,0.47,0.83,1.19,1.79,1.97
2/8/2021,0.04,0.03,0.05,0.05,0.07,0.11,0.2,0.48,0.83,1.19,1.78,1.96
2/9/2021,0.04,0.04,0.04,0.06,0.07,0.11,0.19,0.48,0.83,1.18,1.78,1.95
2/10/2021,0.05,0.04,0.05,0.06,0.07,0.11,0.19,0.46,0.8,1.15,1.75,1.92
2/11/2021,0.05,0.05,0.05,0.06,0.07,0.11,0.19,0.46,0.81,1.16,1.77,1.94
2/12/2021,0.03,0.04,0.04,0.05,0.06,0.11,0.2,0.5,0.85,1.2,1.83,2.01
2/16/2021,0.03,0.04,0.04,0.06,0.08,0.13,0.23,0.57,0.94,1.3,1.92,2.08
2/17/2021,0.03,0.04,0.04,0.06,0.07,0.11,0.21,0.57,0.94,1.29,1.92,2.06
2/18/2021,0.03,0.03,0.03,0.04,0.06,0.11,0.21,0.56,0.94,1.29,1.91,2.08
2/19/2021,0.03,0.03,0.04,0.06,0.07,0.11,0.22,0.59,0.98,1.34,1.98,2.14
2/22/2021,0.03,0.02,0.03,0.04,0.06,0.11,0.22,0.61,1,1.37,2.02,2.19
2/23/2021,0.03,0.02,0.04,0.05,0.08,0.11,0.22,0.59,1,1.37,2.03,2.21
2/24/2021,0.03,0.03,0.03,0.05,0.08,0.12,0.24,0.62,1.02,1.38,2.07,2.24
2/25/2021,0.04,0.03,0.04,0.06,0.09,0.17,0.34,0.81,1.23,1.54,2.25,2.33
2/26/2021,0.04,0.04,0.04,0.05,0.08,0.14,0.3,0.75,1.15,1.44,2.08,2.17
3/1/2021,0.03,0.03,0.05,0.07,0.08,0.13,0.27,0.71,1.12,1.45,2.11,2.23
3/2/2021,0.04,0.04,0.04,0.06,0.08,0.13,0.26,0.67,1.08,1.42,2.09,2.21
3/3/2021,0.04,0.04,0.05,0.07,0.08,0.14,0.29,0.73,1.14,1.47,2.12,2.25
3/4/2021,0.03,0.05,0.04,0.07,0.08,0.14,0.32,0.77,1.21,1.54,2.18,2.3
3/5/2021,0.04,0.04,0.04,0.07,0.08,0.14,0.32,0.79,1.23,1.56,2.18,2.28
3/8/2021,0.04,0.04,0.05,0.06,0.09,0.17,0.34,0.86,1.28,1.59,2.2,2.31
3/9/2021,0.04,0.04,0.05,0.07,0.1,0.17,0.35,0.83,1.23,1.55,2.16,2.26
3/10/2021,0.03,0.03,0.04,0.06,0.08,0.16,0.32,0.8,1.2,1.53,2.15,2.24
3/11/2021,0.04,0.04,0.04,0.05,0.08,0.14,0.31,0.78,1.2,1.54,2.18,2.29
3/12/2021,0.03,0.03,0.04,0.06,0.09,0.14,0.34,0.85,1.3,1.64,2.31,2.4
3/15/2021,0.02,0.02,0.04,0.06,0.08,0.14,0.33,0.84,1.28,1.62,2.27,2.37
3/16/2021,0.01,0.02,0.02,0.06,0.07,0.15,0.33,0.83,1.28,1.62,2.3,2.38
3/17/2021,0.01,0.02,0.02,0.05,0.07,0.13,0.29,0.8,1.27,1.63,2.32,2.42
3/18/2021,0.01,0.01,0.01,0.03,0.08,0.16,0.33,0.86,1.35,1.71,2.36,2.45
3/19/2021,0.01,0.01,0.01,0.03,0.07,0.16,0.33,0.9,1.38,1.74,2.36,2.45
3/22/2021,0.02,0.02,0.03,0.05,0.06,0.15,0.32,0.87,1.34,1.69,2.29,2.38
3/23/2021,0.02,0.02,0.01,0.04,0.08,0.15,0.31,0.83,1.29,1.63,2.24,2.34
3/24/2021,0.02,0.02,0.02,0.04,0.07,0.14,0.31,0.83,1.27,1.62,2.21,2.31
3/25/2021,0.02,0.03,0.02,0.04,0.07,0.14,0.3,0.82,1.29,1.63,2.24,2.34
3/26/2021,0.02,0.02,0.02,0.04,0.06,0.14,0.31,0.85,1.32,1.67,2.27,2.37
3/29/2021,0.02,0.03,0.03,0.04,0.06,0.14,0.32,0.89,1.37,1.73,2.32,2.43
3/30/2021,0.01,0.01,0.02,0.04,0.06,0.16,0.33,0.9,1.39,1.73,2.29,2.38
3/31/2021,0.01,0.01,0.03,0.05,0.07,0.16,0.35,0.92,1.4,1.74,2.31,2.41
4/1/2021,0.02,0.02,0.02,0.04,0.06,0.17,0.35,0.9,1.37,1.69,2.24,2.34
4/2/2021,0.02,0.02,0.02,0.04,0.07,0.19,0.39,0.97,1.42,1.72,2.27,2.35
4/5/2021,0.03,0.02,0.03,0.04,0.06,0.17,0.37,0.94,1.4,1.73,2.28,2.36
4/6/2021,0.02,0.02,0.02,0.04,0.06,0.16,0.35,0.88,1.34,1.67,2.24,2.32
4/7/2021,0.01,0.02,0.02,0.04,0.06,0.16,0.34,0.87,1.34,1.68,2.26,2.35
4/8/2021,0.02,0.02,0.01,0.04,0.05,0.14,0.33,0.85,1.3,1.64,2.22,2.32
4/9/2021,0.02,0.01,0.02,0.03,0.06,0.16,0.35,0.87,1.33,1.67,2.23,2.34
4/12/2021,0.02,0.02,0.02,0.04,0.06,0.18,0.38,0.89,1.35,1.69,2.24,2.34
4/13/2021,0.03,0.02,0.03,0.05,0.06,0.16,0.35,0.85,1.29,1.64,2.21,2.32
4/14/2021,0.02,0.02,0.02,0.04,0.06,0.16,0.35,0.87,1.31,1.64,2.22,2.32
4/15/2021,0.02,0.01,0.02,0.04,0.06,0.16,0.32,0.81,1.24,1.56,2.13,2.23
4/16/2021,0.02,0.02,0.02,0.04,0.06,0.16,0.34,0.84,1.26,1.59,2.15,2.26
4/19/2021,0.01,0.02,0.02,0.04,0.08,0.16,0.34,0.85,1.28,1.61,2.18,2.29
4/20/2021,0.01,0.02,0.03,0.04,0.07,0.15,0.31,0.81,1.25,1.58,2.16,2.27
4/21/2021,0,0.02,0.03,0.04,0.07,0.15,0.32,0.81,1.24,1.57,2.16,2.26
4/22/2021,0.02,0.02,0.03,0.04,0.06,0.16,0.32,0.81,1.24,1.57,2.13,2.24
4/23/2021,0.01,0.02,0.03,0.03,0.07,0.16,0.34,0.83,1.26,1.58,2.14,2.25
4/26/2021,0.02,0.02,0.03,0.04,0.06,0.18,0.35,0.85,1.27,1.58,2.13,2.24
4/27/2021,0.01,0.02,0.01,0.04,0.06,0.17,0.36,0.88,1.32,1.63,2.18,2.29
4/28/2021,0.01,0.01,0.01,0.04,0.05,0.17,0.35,0.86,1.31,1.63,2.19,2.29
4/29/2021,0.01,0.01,0.01,0.04,0.05,0.16,0.35,0.86,1.32,1.65,2.2,2.31
4/30/2021,0.01,0.02,0.01,0.03,0.05,0.16,0.35,0.86,1.32,1.65,2.19,2.3
5/3/2021,0.02,0.02,0.04,0.04,0.06,0.16,0.33,0.84,1.29,1.63,2.18,2.3
5/4/2021,0.01,0.01,0.02,0.04,0.06,0.16,0.33,0.82,1.28,1.61,2.16,2.27
5/5/2021,0.01,0.01,0.02,0.04,0.06,0.16,0.32,0.8,1.25,1.59,2.14,2.25
5/6/2021,0.01,0.02,0.02,0.04,0.05,0.16,0.32,0.81,1.25,1.58,2.14,2.24
5/7/2021,0.01,0.01,0.02,0.04,0.05,0.14,0.29,0.77,1.24,1.6,2.17,2.28
5/10/2021,0.02,0.01,0.02,0.04,0.05,0.16,0.32,0.8,1.27,1.63,2.2,2.32
5/11/2021,0.01,0.01,0.01,0.04,0.05,0.16,0.31,0.8,1.28,1.64,2.23,2.35
5/12/2021,0.01,0.02,0.02,0.04,0.05,0.16,0.35,0.87,1.34,1.69,2.29,2.4
5/13/2021,0,0.01,0.02,0.03,0.05,0.16,0.33,0.84,1.31,1.66,2.28,2.39
5/14/2021,0.01,0.01,0.01,0.03,0.06,0.16,0.33,0.82,1.29,1.63,2.25,2.35
5/17/2021,0,0.01,0.02,0.04,0.06,0.16,0.34,0.84,1.3,1.64,2.27,2.36
5/18/2021,0,0.01,0.02,0.03,0.06,0.16,0.34,0.83,1.29,1.64,2.27,2.37
5/19/2021,0,0.01,0.01,0.03,0.05,0.16,0.35,0.87,1.34,1.68,2.3,2.38
5/20/2021,0.01,0.01,0.01,0.03,0.05,0.15,0.34,0.83,1.29,1.63,2.25,2.34
5/21/2021,0,0.01,0.01,0.02,0.04,0.17,0.34,0.84,1.29,1.63,2.24,2.33
5/24/2021,0.01,0.01,0.02,0.03,0.04,0.15,0.32,0.82,1.28,1.61,2.22,2.31
5/25/2021,0.01,0.01,0.02,0.04,0.04,0.15,0.3,0.79,1.23,1.56,2.16,2.26
5/26/2021,0,0,0.02,0.04,0.04,0.14,0.31,0.8,1.24,1.58,2.17,2.27
5/27/2021,0,0.01,0.02,0.04,0.04,0.14,0.31,0.81,1.28,1.61,2.2,2.29
5/28/2021,0.01,0.01,0.01,0.03,0.05,0.14,0.3,0.79,1.24,1.58,2.18,2.26
6/1/2021,0.01,0.01,0.02,0.04,0.04,0.16,0.31,0.81,1.28,1.62,2.22,2.3
6/2/2021,0.01,0.01,0.02,0.04,0.05,0.13,0.3,0.8,1.26,1.59,2.21,2.28
6/3/2021,0,0.01,0.02,0.04,0.04,0.16,0.34,0.84,1.3,1.63,2.22,2.3
6/4/2021,0.01,0.02,0.02,0.04,0.05,0.14,0.32,0.78,1.23,1.56,2.16,2.24
6/7/2021,0.01,0.02,0.02,0.04,0.05,0.16,0.33,0.79,1.24,1.57,2.17,2.25
6/8/2021,0.01,0.02,0.02,0.04,0.05,0.14,0.32,0.77,1.2,1.53,2.13,2.21
6/9/2021,0.01,0.02,0.03,0.04,0.05,0.16,0.31,0.75,1.17,1.5,2.1,2.17
6/10/2021,0.01,0.02,0.03,0.04,0.05,0.14,0.3,0.73,1.14,1.45,2.07,2.15
6/11/2021,0.01,0.02,0.03,0.04,0.05,0.16,0.31,0.76,1.16,1.47,2.08,2.15
6/14/2021,0.01,0.02,0.03,0.05,0.05,0.16,0.33,0.8,1.2,1.51,2.12,2.19
6/15/2021,0.02,0.02,0.03,0.05,0.08,0.16,0.34,0.79,1.21,1.51,2.12,2.2
6/16/2021,0.04,0.04,0.04,0.06,0.08,0.21,0.41,0.89,1.29,1.57,2.13,2.2
6/17/2021,0.05,0.04,0.04,0.06,0.08,0.23,0.43,0.9,1.27,1.52,2.05,2.11
6/18/2021,0.05,0.05,0.05,0.06,0.09,0.26,0.47,0.89,1.22,1.45,1.97,2.01
6/21/2021,0.04,0.04,0.05,0.06,0.09,0.27,0.48,0.9,1.25,1.5,2.05,2.11
6/22/2021,0.04,0.05,0.04,0.06,0.09,0.25,0.44,0.87,1.23,1.48,2.03,2.1
6/23/2021,0.04,0.04,0.05,0.05,0.08,0.26,0.47,0.9,1.25,1.5,2.04,2.11
6/24/2021,0.05,0.05,0.05,0.05,0.08,0.26,0.48,0.9,1.26,1.49,2.03,2.1
6/25/2021,0.05,0.05,0.06,0.06,0.09,0.28,0.48,0.92,1.29,1.54,2.09,2.16
6/28/2021,0.04,0.05,0.05,0.06,0.08,0.25,0.47,0.9,1.25,1.49,2.04,2.1
6/29/2021,0.04,0.04,0.04,0.06,0.08,0.27,0.47,0.89,1.24,1.49,2.03,2.1
6/30/2021,0.05,0.05,0.05,0.06,0.07,0.25,0.46,0.87,1.21,1.45,2,2.06
7/1/2021,0.05,0.05,0.05,0.05,0.09,0.25,0.47,0.89,1.24,1.48,2.01,2.07
7/2/2021,0.05,0.05,0.05,0.05,0.08,0.24,0.45,0.86,1.19,1.44,1.98,2.05
7/6/2021,0.05,0.05,0.05,0.06,0.07,0.22,0.42,0.81,1.13,1.37,1.92,2
7/7/2021,0.05,0.05,0.05,0.05,0.08,0.22,0.41,0.79,1.09,1.33,1.87,1.94
7/8/2021,0.06,0.05,0.06,0.06,0.07,0.19,0.37,0.74,1.06,1.3,1.84,1.91
7/9/2021,0.06,0.05,0.06,0.05,0.08,0.23,0.41,0.79,1.12,1.37,1.91,1.99
7/12/2021,0.05,0.05,0.05,0.06,0.08,0.23,0.43,0.81,1.13,1.38,1.93,2
7/13/2021,0.05,0.05,0.05,0.06,0.08,0.26,0.47,0.85,1.16,1.42,1.96,2.04
7/14/2021,0.06,0.05,0.06,0.05,0.08,0.23,0.44,0.8,1.11,1.37,1.91,1.98
7/15/2021,0.05,0.05,0.05,0.05,0.07,0.23,0.43,0.78,1.07,1.31,1.85,1.92
7/16/2021,0.05,0.05,0.05,0.05,0.08,0.25,0.43,0.79,1.08,1.31,1.86,1.93
7/19/2021,0.05,0.05,0.05,0.06,0.07,0.21,0.38,0.7,0.97,1.19,1.74,1.81
7/20/2021,0.05,0.05,0.05,0.06,0.08,0.2,0.37,0.69,0.98,1.23,1.79,1.88
7/21/2021,0.04,0.04,0.05,0.05,0.07,0.22,0.39,0.74,1.05,1.3,1.87,1.94
7/22/2021,0.04,0.04,0.05,0.05,0.07,0.2,0.37,0.71,1.02,1.27,1.82,1.9
7/23/2021,0.05,0.05,0.05,0.05,0.07,0.22,0.38,0.72,1.04,1.3,1.85,1.92
7/26/2021,0.05,0.05,0.05,0.06,0.08,0.22,0.38,0.73,1.04,1.29,1.85,1.93
7/27/2021,0.04,0.05,0.05,0.05,0.07,0.2,0.37,0.71,1.01,1.25,1.81,1.89
7/28/2021,0.04,0.05,0.05,0.05,0.07,0.2,0.38,0.72,1.01,1.26,1.83,1.9
7/29/2021,0.05,0.05,0.06,0.05,0.08,0.2,0.37,0.73,1.04,1.28,1.84,1.91
7/30/2021,0.05,0.05,0.06,0.05,0.07,0.19,0.35,0.69,1,1.24,1.81,1.89
8/2/2021,0.05,0.05,0.05,0.06,0.07,0.17,0.33,0.66,0.96,1.2,1.77,1.86
8/3/2021,0.05,0.05,0.05,0.06,0.07,0.17,0.33,0.65,0.95,1.19,1.76,1.85
8/4/2021,0.05,0.05,0.05,0.05,0.07,0.17,0.34,0.67,0.96,1.19,1.74,1.83
8/5/2021,0.05,0.05,0.05,0.06,0.08,0.21,0.38,0.72,1.01,1.23,1.77,1.86
8/6/2021,0.04,0.05,0.06,0.06,0.09,0.21,0.42,0.77,1.07,1.31,1.85,1.94
8/9/2021,0.04,0.05,0.06,0.06,0.08,0.23,0.43,0.79,1.09,1.33,1.87,1.96
8/10/2021,0.05,0.05,0.05,0.05,0.08,0.24,0.47,0.82,1.12,1.36,1.9,1.99
8/11/2021,0.05,0.05,0.05,0.06,0.08,0.23,0.45,0.81,1.11,1.35,1.9,1.99
8/12/2021,0.05,0.06,0.06,0.06,0.09,0.23,0.46,0.83,1.13,1.36,1.92,2.03
8/13/2021,0.04,0.05,0.06,0.05,0.08,0.23,0.44,0.79,1.08,1.29,1.85,1.94
8/16/2021,0.04,0.05,0.06,0.05,0.08,0.21,0.42,0.75,1.04,1.26,1.82,1.92
8/17/2021,0.03,0.05,0.07,0.06,0.07,0.23,0.43,0.77,1.05,1.26,1.82,1.92
8/18/2021,0.03,0.05,0.07,0.05,0.07,0.23,0.43,0.79,1.06,1.27,1.84,1.91
8/19/2021,0.04,0.05,0.06,0.05,0.06,0.22,0.44,0.78,1.04,1.24,1.8,1.88
8/20/2021,0.04,0.05,0.05,0.05,0.06,0.23,0.44,0.8,1.06,1.26,1.79,1.87
8/23/2021,0.04,0.05,0.05,0.06,0.07,0.23,0.43,0.78,1.05,1.25,1.79,1.87
8/24/2021,0.03,0.05,0.05,0.05,0.06,0.24,0.44,0.8,1.08,1.29,1.83,1.91
8/25/2021,0.04,0.05,0.06,0.06,0.07,0.23,0.47,0.84,1.13,1.35,1.88,1.96
8/26/2021,0.04,0.06,0.05,0.06,0.07,0.25,0.46,0.84,1.13,1.34,1.87,1.94
8/27/2021,0.04,0.06,0.05,0.05,0.07,0.22,0.41,0.79,1.09,1.31,1.84,1.91
8/30/2021,0.04,0.07,0.05,0.05,0.08,0.2,0.4,0.77,1.07,1.29,1.82,1.9
8/31/2021,0.03,0.05,0.04,0.06,0.07,0.2,0.4,0.77,1.08,1.3,1.85,1.92
9/1/2021,0.04,0.06,0.05,0.06,0.07,0.2,0.42,0.78,1.08,1.31,1.84,1.92
9/2/2021,0.05,0.07,0.05,0.06,0.07,0.2,0.42,0.78,1.07,1.29,1.83,1.9
9/3/2021,0.04,0.07,0.05,0.05,0.08,0.21,0.42,0.78,1.09,1.33,1.87,1.94
9/7/2021,0.04,0.07,0.05,0.06,0.08,0.22,0.45,0.82,1.14,1.38,1.91,1.99
9/8/2021,0.05,0.06,0.05,0.06,0.08,0.22,0.43,0.81,1.11,1.35,1.88,1.95
9/9/2021,0.07,0.06,0.04,0.05,0.07,0.23,0.43,0.79,1.08,1.3,1.83,1.9
9/10/2021,0.06,0.06,0.05,0.06,0.08,0.23,0.45,0.82,1.12,1.35,1.86,1.94
9/13/2021,0.06,0.08,0.06,0.06,0.07,0.21,0.44,0.81,1.11,1.33,1.83,1.91
9/14/2021,0.05,0.06,0.04,0.05,0.07,0.21,0.43,0.79,1.07,1.28,1.78,1.85
9/15/2021,0.04,0.06,0.04,0.05,0.07,0.21,0.43,0.81,1.1,1.31,1.8,1.87
9/16/2021,0.06,0.06,0.04,0.05,0.07,0.23,0.46,0.84,1.13,1.34,1.83,1.88
9/17/2021,0.06,0.06,0.04,0.05,0.07,0.23,0.47,0.88,1.17,1.37,1.85,1.91
